09/06/2021 06:22:42,Ivy,760,ok,Green ceramic pot on top shelf
09/06/2021 06:22:47,Fern,772,ok,Fern on bottom shelf
09/06/2021 06:23:00,Ivy,742,ok,Green ceramic pot on top shelf
09/06/2021 06:23:05,Fern,756,ok,Fern on bottom shelf
09/06/2021 06:25:23,Ivy,761,ok,Green ceramic pot on top shelf
09/06/2021 06:25:28,Fern,763,ok,Fern on bottom shelf
09/06/2021 06:26:21,Ivy,768,ok,Green ceramic pot on top shelf
09/06/2021 06:26:26,Fern,760,ok,Fern on bottom shelf
09/06/2021 06:27:11,Ivy,763,ok,Green ceramic pot on top shelf
09/06/2021 06:27:16,Fern,756,ok,Fern on bottom shelf
09/06/2021 06:28:07,Ivy,760,ok,Green ceramic pot on top shelf
09/06/2021 06:28:12,Fern,753,ok,Fern on bottom shelf
09/06/2021 06:29:07,Ivy,753,ok,Green ceramic pot on top shelf
09/06/2021 06:29:12,Fern,745,ok,Fern on bottom shelf
09/06/2021 06:30:08,Ivy,780,ok,Green ceramic pot on top shelf
09/06/2021 06:30:13,Fern,782,ok,Fern on bottom shelf
09/06/2021 06:30:57,Ivy,761,ok,Green ceramic pot on top shelf
09/06/2021 06:31:02,Fern,763,ok,Fern on bottom shelf
09/06/2021 06:31:38,Ivy,739,ok,Green ceramic pot on top shelf
09/06/2021 06:31:43,Fern,760,ok,Fern on bottom shelf
09/06/2021 06:49:29,Ivy,788,ok,Green ceramic pot on top shelf
09/06/2021 06:49:34,Fern,761,ok,Fern on bottom shelf
09/06/2021 06:49:40,Ivy,745,ok,Green ceramic pot on top shelf
09/06/2021 06:49:45,Fern,768,ok,Fern on bottom shelf
09/06/2021 06:49:51,Ivy,758,ok,Green ceramic pot on top shelf
09/06/2021 06:49:56,Fern,761,ok,Fern on bottom shelf
09/06/2021 06:50:24,Ivy,753,ok,Green ceramic pot on top shelf
09/06/2021 06:50:29,Fern,760,ok,Fern on bottom shelf
09/06/2021 06:50:35,Ivy,761,ok,Green ceramic pot on top shelf
09/06/2021 06:50:40,Fern,768,ok,Fern on bottom shelf
09/06/2021 06:50:46,Ivy,750,ok,Green ceramic pot on top shelf
09/06/2021 06:52:03,Ivy,748,ok,Green ceramic pot on top shelf
09/06/2021 06:52:08,Fern,750,ok,Fern on bottom shelf
09/06/2021 06:52:34,Ivy,769,ok,Green ceramic pot on top shelf
09/06/2021 06:52:39,Fern,771,ok,Fern on bottom shelf
